{
    "simulation": {
        "i": 207,
        "selection": [],
        "palette": {
            "classes": [{
                    "i": 9,
                    "start": -0.5,
                    "end": 0.5,
                    "color": [255, 255, 255]
                }, {
                    "i": 0,
                    "start": 0.5,
                    "end": 25.5,
                    "color": [255, 246, 27]
                }, {
                    "i": 1,
                    "start": 25.5,
                    "end": 75.5,
                    "color": [247, 214, 0]
                }, {
                    "i": 2,
                    "start": 75.5,
                    "end": 125.5,
                    "color": [236, 183, 0]
                }, {
                    "i": 8,
                    "start": 125.5,
                    "end": 175.5,
                    "color": [221, 153, 0]
                }, {
                    "i": 3,
                    "start": 175.5,
                    "end": 225.5,
                    "color": [204, 124, 0]
                }, {
                    "i": 4,
                    "start": 225.5,
                    "end": 275.5,
                    "color": [184, 96, 0]
                }, {
                    "i": 5,
                    "start": 275.5,
                    "end": 325.5,
                    "color": [162, 70, 0]
                }, {
                    "i": 6,
                    "start": 325.5,
                    "end": 375.5,
                    "color": [138, 44, 3]
                }, {
                    "i": 7,
                    "start": 375.5,
                    "end": 500.5,
                    "color": [113, 17, 0]
                }
            ]
        }
    },
    "dashboard": [{
            "name": "Auto.Grid",
            "config": {
                "z": 0
            },
            "span": 1
        }, {
            "name": "Auto.TransitionMap",
            "config": {
                "z": 0,
                "min": "#ace9fd",
                "max": "#9a1417",
                "n": "10"
            },
            "span": 1
        }, {
            "name": "Auto.StateChart",
            "config": {
                "z": [0],
                "tracked": [{
                        "min": -0.5,
                        "max": 0.5
                    }, {
                        "min": 0.5,
                        "max": 25.5
                    }, {
                        "min": 25.5,
                        "max": 75.5
                    }, {
                        "min": 75.5,
                        "max": 125.5
                    }, {
                        "min": 125.5,
                        "max": 175.5
                    }, {
                        "min": 175.5,
                        "max": 225.5
                    }, {
                        "min": 225.5,
                        "max": 275.5
                    }, {
                        "min": 275.5,
                        "max": 325.5
                    }, {
                        "min": 325.5,
                        "max": 375.5
                    }, {
                        "min": 375.5,
                        "max": 500.5
                    }
                ]
            },
            "span": 2
        }
    ],
    "settings": {
        "fps": 60,
        "rowHeight": 350,
        "loop": true,
        "showGrid": false,
        "cache": 10
    },
    "control": {
        "collapsed": false
    }
}
