{"simulation":{"i":37,"selection":["12-17-0","14-15-0","16-13-0","21-8-0"],"palette":{"classes":[{"i":0,"start":-1.5,"end":-0.5,"color":[167,225,254]},{"i":1,"start":0,"end":3,"color":[255,255,255]},{"i":2,"start":3,"end":6,"color":[247,214,0]},{"i":3,"start":6,"end":9,"color":[221,153,0]},{"i":4,"start":9,"end":12,"color":[184,96,0]},{"i":5,"start":12,"end":15,"color":[138,44,3]}]}},"dashboard":[{"name":"Auto.Grid","config":{"z":0},"span":1},{"name":"Auto.CellTrackChart","config":{"type":"continuous"},"span":3}],"settings":{"fps":8,"rowHeight":325,"loop":true,"showGrid":false,"cache":10},"control":{"collapsed":false}}