{
    "simulation": {
        "i": 74,
        "selection": ["7-8-0", "14-8-0", "14-14-0", "7-14-0"],
        "palette": {
            "fileName": "TIS.pal",
            "classes": [{
                    "i": 0,
                    "start": 0,
                    "end": 1,
                    "color": [255, 255, 255]
                }, {
                    "i": 1,
                    "start": 1,
                    "end": 2,
                    "color": [30, 142, 225]
                }, {
                    "i": 2,
                    "start": 2,
                    "end": 3,
                    "color": [255, 0, 0]
                }, {
                    "i": 3,
                    "start": 3,
                    "end": 4,
                    "color": [255, 255, 0]
                }, {
                    "i": 4,
                    "start": 4,
                    "end": 5,
                    "color": [0, 0, 0]
                }, {
                    "i": 5,
                    "start": -1,
                    "end": 0,
                    "color": [255, 255, 255]
                }
            ]
        }
    },
    "dashboard": [{
            "name": "Auto.Grid",
            "config": {
                "z": 0
            },
            "span": 1
        }, {
            "name": "Auto.StateChart",
            "config": {
                "z": [0],
                "tracked": [{
                        "value": 1
                    }, {
                        "value": 2
                    }, {
                        "value": 3
                    }, {
                        "value": 4
                    }
                ]
            },
            "span": 1
        }, {
            "name": "Auto.TransitionMap",
            "config": {
                "z": 0,
                "min": "#ffffff",
                "max": "#000000",
                "n": "8"
            },
            "span": 1
        }, {
            "name": "Auto.CellTrackChart",
            "config": {
                "type": "discrete"
            },
            "span": 4
        }
    ],
    "settings": {
        "fps": 10,
        "rowHeight": 300,
        "loop": true,
        "showGrid": false,
        "cache": 10
    },
    "control": {
        "collapsed": false
    }
}
