{"simulation":{"i":38,"selection":[],"palette":{"classes":[{"i":0,"start":0,"end":0.1,"color":[0,255,0]},{"i":1,"start":1,"end":1.1,"color":[0,0,0]},{"i":2,"start":3,"end":3.1,"color":[255,255,0]},{"i":3,"start":5,"end":5.1,"color":[255,0,255]},{"i":4,"start":6,"end":6.1,"color":[255,255,255]},{"i":5,"start":7,"end":7.1,"color":[255,128,0]},{"i":6,"start":10,"end":20,"color":[255,0,255]}]}},"dashboard":[{"name":"Auto.Grid","config":{"z":0},"span":1},{"name":"Auto.StateChart","config":{"z":[0],"tracked":[{"value":6},{"value":0}]},"span":1},{"name":"Auto.TransitionMap","config":{"z":0,"min":"#ffffff","max":"#000000","n":"12"},"span":2}],"settings":{"fps":20,"rowHeight":300,"loop":true,"showGrid":false,"cache":10},"control":{"collapsed":false}}