{"simulation":{"i":17,"selection":[],"palette":{"classes":[{"i":0,"start":0,"end":1,"color":[255,255,255]},{"i":1,"start":1,"end":100,"color":[204,204,204]},{"i":2,"start":500,"end":501,"color":[204,204,255]},{"i":3,"start":501,"end":502,"color":[51,51,255]},{"i":4,"start":502,"end":503,"color":[255,0,51]},{"i":5,"start":503,"end":504,"color":[255,255,0]},{"i":6,"start":504,"end":505,"color":[204,0,204]},{"i":7,"start":600,"end":601,"color":[0,204,0]}]}},"dashboard":[{"name":"Auto.Grid","config":{"z":0},"span":1},{"name":"Auto.TransitionMap","config":{"z":0,"min":"#ffffff","max":"#ae2f04","n":"8"},"span":1},{"name":"Auto.Grid","config":{"z":1},"span":1},{"name":"Auto.Grid","config":{"z":2},"span":1}],"settings":{"fps":8,"rowHeight":300,"loop":true,"showGrid":false,"cache":10},"control":{"collapsed":false}}